url,old,new
https://nmgtechnologies.com/download-content-editorial-calendar,Download Free Content Editorial Calendar Template | NMG Technologies,Download Free Content Editorial Calendar Template | NMG Technolog
https://nmgtechnologies.com/services/crm-development,CRM Development Services,CRM Development Services
https://nmgtechnologies.com/solution/cloud-apps/,Cloud Application Development Services - Cloud App Migration Company,Expert Cloud Application Development Services
https://nmgtechnologies.com/services/user-interface-design/mobile-design/,Mobile App Design Services - Hire Mobile App Designers Company,Full-Service Mobile App Design Company
https://nmgtechnologies.com/blog/tag/featured,Blog | Featured,"""Make Your Software Development Journey Easy: Tips and Tricks"""
https://nmgtechnologies.com/blog/nmg-technologies-made-list-top-mobile-app-development-companies-goodfirms,NMG Made It on the List of Top Mobile App Development Companies at GoodFirms,NMG Technologies on top mobile app development list
https://nmgtechnologies.com/blog/nmg-technologies-to-participate-in-retail-innovation-conference-and-expo-2023-in-chicago,NMG Technologies to Participate in Retail Innovation Conference and Expo 2023 in Chicago,NMG Technologies Participates in Retail Innovation Conference & E
https://nmgtechnologies.com/services/mobile-application-development/tablet-app-development/,Tablet App Development Services - Hire Tablet App Developers | NMG Technologies,Tablet App Development Services - Hire Tablet App Developers | NM
https://nmgtechnologies.com/services/ecommerce-development/,Ecommerce Web Development Company  | Hire World's Best E-commerce Developer,Expert eCommerce Development Services - Increased Conversions | N
https://nmgtechnologies.com/services/custom-software-development/aspnet-development/,Asp.Net Development Services - Hire Asp.Net Web Developers | NMG Technologies,ASP.Net Development Services - NMG Technologies
https://nmgtechnologies.com/blog/author/nishtha,Blog | Nishtha,Make Your Software Development Journey Easy!
https://nmgtechnologies.com/resources/library/,Most Resourceful Content for Businesses to Get Started | NMG Technologies,NMG Library - Get Started Resources
https://nmgtechnologies.com/industry/marketresearch,"IT Outsource Software, Web & Mobile App Development Company - NMG",Market Research for NMG Technologies
https://nmgtechnologies.com/blog/top-wordpress-themes,Top 15 WordPress Theme for Your Business in 2019 | NMG Technologies,Top WordPress Themes For Your Business 2019 | NMG Technologies
https://nmgtechnologies.com/download-developmental-checklist,Download Web Development Checklist [Updated 2019] | NMG Technologies,Download Successful App Development Checklist
https://nmgtechnologies.com/success-stories/wealth-concert,"IT Outsource Software, Web & Mobile App Development Company - NMG","""NMG Wealth Concert: Your Financial Symphony in Action"""
https://nmgtechnologies.com/industry/travel,"IT Outsource Software, Web & Mobile App Development Company - NMG",Travel Solutions for IT Outsourcing and Web/APP Development
https://nmgtechnologies.com/services/mobile-application-development,#1 Mobile App Development Services - Hire  App Developers | NMG Technologies,Mobile App Development Services - NMG Technologies
https://nmgtechnologies.com/blog/nmg-to-participate-in-the-largest-tech-expo-in-the-middle-east-gitex-global-2023-dubai,"NMG to Participate in the Largest Tech Expo in the Middle East - GITEX Global 2023, Dubai",NMG to Attend GITEX Global 2023 in Dubai
https://nmgtechnologies.com/blog/working-from-home-during-the-coronavirus-lockdown,How to Manage Work from home during the coronavirus lockdown | NMG,NMG manages Work From Home during Coronavirus Lockdown | Qwen
